{
    "$schema": "https://schema.management.azure.com/schemas/2015-01-01/deploymentParameters.json#",
    "contentVersion": "1.0.0.0",
    "parameters": {
        "accounts_iotdla0cb79d93_defaultDataLakeStoreAccount": {
            "value": null
        },
        "accounts_iotdla0cb79d93_dataLakeStoreAccounts": {
            "value": null
        },
        "sites_iot_func_0CB79D93_name": {
            "value": null
        },
        "serverfarms_WestEuropePlan_name": {
            "value": null
        },
        "IotHubs_iot_hub_0CB79D93_name": {
            "value": null
        },
        "workflows_iot_logic_0CB79D93_name": {
            "value": null
        },
        "accounts_iotdls0cb79d93_name": {
            "value": null
        },
        "accounts_iotdla0cb79d93_name": {
            "value": null
        },
        "components_iot_func_0CB79D93_b734_name": {
            "value": null
        },
        "storageAccounts_iotfunc0cb79d93badf_name": {
            "value": null
        },
        "streamingjobs_iot_asa_0CB79D93_name": {
            "value": null
        },
        "actionGroups_Application%20Insights%20Smart%20Detection_name": {
            "value": null
        }
    }
}