{
    "$schema": "https://schema.management.azure.com/schemas/2015-01-01/deploymentParameters.json#",
    "contentVersion": "1.0.0.0",
    "parameters": {
        "IotHubs_iot_hub_0CB79D93_name": {
            "value": null
        },
        "streamingjobs_iot_asa_0CB79D93_name": {
            "value": null
        },
        "databaseAccounts_iot_cosmos_0cb79d93_name": {
            "value": null
        },
        "environments_iot_tsi_0CB79D93_name": {
            "value": null
        }
    }
}